Lab/Center,City,State
WPC,Silver Spring,MD
NSSL,Norman,OK
CIMMS,Norman,OK
CIMSS,Madison,WI
CIRA,Boulder,CO
NRM MRY,Monterey,CA
NRL DC,Washington,DC
NASA JPL,Pasadena,CA
NASA Goddard,Baltimore,MD
NASA Langley,Norfolk,VA
NASA Marshall,Huntsville,AL
PNNL,Richland,WA
NCAR,Boulder,CO
UCAR,Boulder,CO
NASA Ames,Mountain View,CA
Brookhaven,Upton,NY
Argonne NL,Lemont,IL
Oak Ridge NL,Oak Ridge,TN
NCEP EMC,College Park,MD
NOAA Atlantic Oceanographic and Meteorological Laboratory,Miami,FL
US Naval Seas Systems Command,Dahlgren,VA
NESDIS STAR,College Park,MD
Lawrence Livermore NL,Livermore,CA
